"id","category","description","price","location"
17,"diverter",,100,
23,"garbage disposal",,25,
21,"kitchen","2-Hole Faucet",15,
24,"laundry sink","drop-in",25,
25,"laundry sink","floor mounted",40,
26,"laundry sink","wall mounted",75,
8,"lavatory","pedestal",25,
1,"lavatory faucet","8"" CC",20,
22,"pot filler",,285,
38,"sewer pump",,2478,"basement"
18,"shower","hand shower - slide bar",150,
19,"shower","hand shower - holder",125,
20,"shower","ceiling mounted rainhead",150,
14,"shower base","Sterling",15,
15,"shower base","Florestone",20,
16,"shower base","Mustee",20,
9,"tub","slide-in",15,
10,"tub","garden",25,
13,"tub","freestanding",700,
7,"tub filler","deck mounted",25,
11,"tub filler","floor mounted",250,
12,"tub filler","wall mounted",175,
27,"water heater","standard electric",100,"garage"
28,"water heater","standard electric",150,"second floor mechanical"
29,"water heater","standard electric",150,"first floor attic"
30,"water heater","standard electric",175,"second floor attic"
31,"water heater","standard gas",150,"garage"
32,"water heater","standard gas",200,"second floor mechanical"
33,"water heater","standard gas",200,"first floor attic"
34,"water heater","standard gas",225,"second floor attic"
35,"water heater","tankless",275,"garage"
36,"water heater","tankless",300,"attic"
37,"water heater","tankless",375,"exterior mounted"
