"model_number","material_type","brand","collection","baker_mitchell","cregger","ferguson","gateway","hubbard","hughes","description"
"LG529-HGS","Kitchen Faucet","Pfister","Highbury",190.51,193.74,202.5,,,201.718,"1-Handle Pull-Down Kitchen Faucet - Stainless Steel"
"12-501","Lavatory","Gerber","Maxwell",,66.322,,,,54.193,"Single Hole Petite Lavatory"
"12-504","Lavatory","Gerber","Maxwell",,49.494,,,,52.979,"4"" CC Petite Lavatory"
"12-512","Lavatory","Gerber","Burr Ridge",,170.028,,,,182.557,"Single Hole Standard Lavatory"
"12-514","Lavatory","Gerber","Maxwell",,75.39,,,,68.53,"4"" CC Standard Lavatory"
"12-515","Lavatory","Gerber","Burr Ridge",,144.5,,,,137.347,"4"" CC Standard Lavatory"
"12-518","Lavatory","Gerber","Maxwell",,86.75,,,,81.818,"8"" CC Standard Lavatory"
"12-519","Lavatory","Gerber","Burr Ridge",,170.028,,,,137.347,"8"" CC Standard Lavatory"
"12-555","Lavatory","Gerber","Logan",,,,,,197.576,"4"" CC Petite Lavatory"
"29-842","Lavatory","Gerber","Maxwell",,28.186,,,,28.367,"Pedestal Leg"
"29-847","Lavatory","Gerber","Logan",,,,,,58.767,"Pedestal Leg"
"29-848","Lavatory","Gerber","Burr Ridge",,60.35,,,,57.839,"Pedestal Leg"
"446121","Lavatory","Sterling","Sacramento",,81.18,,,,,"Single Hole Petite Bowl"
"446124","Lavatory","Sterling","Sacramento",,81.177,,,,,"4"" CC Petite Bowl"
"448120","Lavatory","Sterling","Sacramento",,69.647,,,,,"Pedestal Leg"
"6634WH","Lavatory","Briggs","Altima",,,55.88,,,,"4"" CC Standard Bowl"
"6683WH","Lavatory","Briggs","Altima",,,36.75,,,,"Pedestal Leg"
"K-2357","Lavatory","Kohler","Archer",,135.205,,,,,"Pedestal Leg"
"K-2358-1","Lavatory","Kohler","Archer",,144.939,,,,,"Single Hole Standard Bowl"
"PF1061WH","Lavatory","Pro Flo","Otter Creek",,,55,,,,"Pedestal Leg"
"PF7004WH","Lavatory","Pro Flo","Otter Creek",,,178.5,,,,"4"" CC Petite Lavatory"
"LG48-CB1K","Lavatory Faucet","Pfister","Avalon",91.2,92.746,156.65,,,96.576,"4"" CC Lavatory Faucet - Brushed Nickel"
"3442M","Shower Base","Mustee","Durabase",178.01,174.732,,,,183.69,"42x34 Shower Base"
"3460M","Shower Base","Mustee","Durabase",229.46,229.829,,,,241.62,"60x34 Shower Base"
"3636M","Shower Base","Mustee","Durabase",155.08,152.22,,,,160.03,"36x36 Shower Base"
"3642M","Shower Base","Mustee","Durabase",196.38,191.585,,,,201.41,"36x42 Shower Base"
"4248M","Shower Base","Mustee","Durabase",337.48,329.244,,,,346.13,"42x48 Shower Base"
"4848M","Shower Base","Mustee","Durabase",346.04,346.585,,,,364.36,"48x48 Shower Base"
"72111100","Shower Base","Sterling","Ensemble",,,208.7,,,184.706,"42x34 Shower Base"
"72131100","Shower Base","Sterling","Ensemble",,225.294,257.426,,,230.94,"60x34 Shower Base"
"72151100","Shower Base","Sterling","Ensemble",,,,,,221.76,"42x42 Shower Base"
"72171110","Shower Base","Sterling","Ensemble",,250.882,,,,250.882,"60x30 Shower Base"
"72171120","Shower Base","Sterling","Ensemble",,250.882,,,,250.882,"60x30 Shower Base"
"72181110","Shower Base","Sterling","Ensemble",,299.5,332.983,,,331.79,"60x32 Shower Base, Left Drain"
"72181120","Shower Base","Sterling","Ensemble",,,332.983,,,,"60x32 Shower Base, Right Drain"
"72291100","Shower Base","Sterling","Accord",,442.65,,,,442.65,"60x36 Shower Base w/ Seat"
"72321100","Shower Base","Sterling","Guard+",,188.824,214.825,,,188.82,"48x34 Shower Base"
"72331100","Shower Base","Sterling","Guard+",,235.882,243.03,,,235.88,"60x34 Shower Base"
"95081","Shower Base","Sterling","Guard+",,494.1,,,,,"60x42 Shower Base"
"R-4260","Shower Base","Swan",,381.16,,,,,,"60x42 Shower Base"
"LG89-7CBK","Shower Trim","Pfister","Avalon",90.69,92.226,169.65,,,96.024,"1-Handle Shower only Trim Kit - Brushed Nickel"
"SH-4834","Shower Unit","Oasis",,,,,,,554.59,"48x34 Shower Unit"
"SH-6040WH","Shower Unit","Oasis",,,944.111,,,,935.882,"60x40 One-Piece Shower Unit"
"71164100","Shower Walls","Sterling","Accord",,265.88,,,,345,"60x36 Shower Walls"
"72185100","Shower Walls","Sterling","Ensemble Curve",,279.306,322.6,,,293.29,"32"" End Wall Set"
"72205100","Shower Walls","Sterling","Ensemble Curve",,219.412,250.254,,,219.41,"34"" End Walls Set"
"72212100","Shower Walls","Sterling","Ensemble Curve",,,175.2,,,116.471,"42"" Back Wall"
"72232100","Shower Walls","Sterling","Ensemble Curve",,130,138.13,,,130,"60"" Back Wall"
"72372100","Shower Walls","Sterling","Ensemble Curve",,262.052,,,,435.6,"60"" Back Wall"
"72405100","Shower Walls","Sterling","Medley",,230.294,238.72,,,230.29,"34"" End Wall Set"
"72412100","Shower Walls","Sterling","Medley",,138.05,180.475,,,131.47,"48"" Back Wall"
"72432100","Shower Walls","Sterling","Medley",,136.765,141.42,,,136.765,"60"" Back Wall"
"72445100","Shower Walls","Sterling","Medley",,257.06,,,,257.06,"30"" End Wall Set"
"402362","Toilet","Sterling","Windham",,62.941,,,,,"Tank"
"403017","Toilet","Sterling","Windham",,64.235,,,,,"Round Front Standard Height Bowl"
"403127","Toilet","Sterling","Windham",,84.47,,,,,"Elongated Standard Height Bowl"
"4325WH","Toilet","Briggs","Altima",,,59,,,,"Elongated Standard Height Toilet"
"4328WH","Toilet","Briggs","Altima",,,102.19,,,,"Elongated ADA Height Toilet"
"4450WH","Toilet","Briggs","Altima",,,39,,,,"Tank"
"MAN-135WH","Toilet","Mansfield","Alto",57.55,56,,,,,"Elongated Standard Height Bowl"
"MAN-137WH","Toilet","Mansfield","Alto",104.4,93.58,,,,,"Elongated ADA Height Bowl"
"MAN-3173WH","Toilet","Mansfield","Alto",45.51,34.95,,,,,"Tank"
"PF1401TWH","Toilet","Pro Flo","Jerritt",,,50,,,,"Standard Height Bowl"
"PF1403TWH","Toilet","Pro Flo","Jerritt",,,69.02,,,,"ADA Height Bowl"
"PF5112HEWH","Toilet","Pro Flo","Jerritt",,,40,,,,"Toilet Tank"
"105797W","Tub","Maax","Sax",,,1496.06,,,,"60x32 Freestanding Tub"
"105798W","Tub","Maax","Lounge",,,2087.54,,,,"64x34 Freestanding Tub"
"71111112","Tub","Sterling","Ensemble",,381.471,395.43,,,381.471,"60x42 Garden Tub"
"71111122","Tub","Sterling","Ensemble",,381.465,395.43,,,381.471,"60x42 Garden Tub"
"71171112","Tub","Sterling","Ensemble",,,219.82,,,,"60x30 Tub"
"71171122","Tub","Sterling","Ensemble",,,219.82,,,,"60x30 Tub"
"71271100","Tub","Sterling","Lawson",,473.118,,,,,"60x36 Drop-In Tub"
"71331100","Tub","Sterling","Lawson",,457.647,,,,,"60x42 Drop-In Tub"
"JX8-310P","Tub / Shower Valve","Pfister",,33.54,,65.65,,,,"Tub and Shower Valve"
"RT6-5CB1K","Tub Filler","Pfister","Avalon",126.67,128.814,219.05,,,134.118,"2-Handle Roman Tub Trim Kit - Brushed Nickel"
"JX6-150R","Tub Filler Valve","Pfister",,50.16,,81,,,,"Tub Filler Valve"
"71114100","Tub Walls","Sterling","Ensemble Tile",,291.177,299.64,,,291.18,"60x42 Tub Walls"
"71374100","Tub Walls","Sterling","Medley",,,239.78,,,,"60x30 Tub Walls"
"LG89-8CBK","Tub and Shower Trim","Pfister","Avalon",97.28,98.927,192.4,,,103,"1-Handle Tub & Shower Trim Kit - Brushed Nickel"
"GS6-50-YBDS","Water Heater","State",,1081.92,,,,,,"50 Gallon Gas"
"GS6-60-DORT","Water Heater","State",,521.55,,,,,,"40 Gallon Electric"
"GS6-75-XRRS","Water Heater","State",,1321.82,,,,,,"75 Gallon Gas"
"PROE50-T2-RH95","Water Heater","Rheem",,,,489.27,,,,"50 Gallon Electric"
"RE180iN","Water Heater","Rinnai",,,,907.925,,,775.581,"180K BTU Non-Condensing Tankless"
"RE199eN","Water Heater","Rinnai",,,,1114.8,,,,"199K BTU Tankless - External"
"RE199iN","Water Heater","Rinnai",,,,1080.33,,,923,"199K BTU Non-Condensing Tankless"
"REP199iN","Water Heater","Rinnai",,,,1276.63,,,1525.81,"199K BTU Non-Condensing Tankless w/ Pump"
"RMIVKTLW","Water Heater","Rinnai",,,,69.76,,,,"Isolative Valve Kit"
"RPCD09SHS","Water Heater","Rinnai",,,,108.1,,,,"Pipe Cover Kit"
"RX199iN","Water Heater","Rinnai",,,,1251.3,,,1263,"199K BTU "
"RXP199iN","Water Heater","Rinnai",,,,,,,1836.56,"199K BTU"
