"id","name","fixt_brand","markup","base_trap_price","base_house_color","kitchen_faucet","garbage_disposal","closet","closet_seat","pedestal_lav","base_pri_lav_faucet","base_shower_trim","base_ts_trim","water_heater","sewer_line","water_line","base_sec_lav_faucet"
1,"Brookline Homes","Moen",0.75,485,"Chrome","67315SRS","79880A-ISE","GWS20912","PFTSE2000WH","G0022504","L64601","TL182","TL183","EN650DORT",40,40,
2,"Chandler Construction","Moen",0.75,480,"Matte Black","7864BL","GXP50C","MAN135-3173","PFTSE2000WH","442124-0","6150BL","T2902EPBL","T2903EPBL","RE240LN6",30,30,
3,"Dan Ryan Builder","Delta",0.75,470,"Chrome","9110-DST","79880A-ISE","402321-RA-0","PFTSE2000WH","442124-0","532-MPU-DST","T14232","T14432","EN650DORT",30,30,
4,"EDCO","Delta",0.75,480,"Stainless","9113-AR-DST","79880A-ISE","GWS20918","PFTSE2000WH","N/A","BS510LF-SS","BT13210-SS","BT13410-SS","EN650DORT",30,30,
5,"Empire Homes","Moen",0.7,470,"Chrome","5965","79880A-ISE","GWS20912","PFTSE2000WH","G0022504","L64601","TL182","TL183","EN650DORT",30,30,
6,"KB Homes","Moen",0.7,500,"Chrome","7585C","GXP33C","K-5298-0","PFTSE2000WH","G0022514","5010","T5152EP","T5153EP","EN650DORT",30,30,
7,"Red Cedar","Moen",0.7,480,"Chrome","67315C","79880A-ISE","GWS20918","1200E3000","G0023564","L64621","TL182","TL183","EN650DORT",40,40,
8,"Madison Simmons","Moen",0.7,500,"Chrome","7864SRS","GXP33C","GWS20912","PFTSE2000WH","G0022514","6150","T2902EP","T2903EP","EN650DORT",35,35,
9,"Meritage","Moen",0.7,440,"Chrome","7864","79880A-ISE","GWS20912","PFTSE2000WH","G0022504","6150","T2902EP","T2903EP","EN650DORT",30,30,
10,"DR Horton","Moen",0.7,480,"Chrome","7437","GXP33C","GWS20912","PFTSE2000WH","G0022504","L64621","TL182","TL183","EN650DORT",30,30,
11,"Mungo Homes","Delta",0.75,470,"Chrome","B4310LF","79880A-ISE","GWS20912","PFTSE2000WH","G0022504","B2510LF-PPU","BT13210","BT13410","EN650DORT",30,30,
12,"Slate Building Group","Moen",0.7,480,"Chrome","7864","79880A-ISE",,,,,"T2132","T2133",,30,30,"6400"
13,"Dream Finders - Wilmington","Moen",0.75,460,"Chrome","7585C","GXP33C",,,,,,,,50,50,
14,"Adams Homes",,,,,,,,,,,,,,,,
